title,link,published,published_dt
Stablecoin Rewards Remain Roadblock to Crypto Bill After White House Summit - PYMNTS.com,https://news.google.com/rss/articles/CBMiuwFBVV95cUxORndFZGdjTGVFSFU3TXNMUmQycVB1MHpUR05YbWhENS1ULWJlRXltanVUWGNKZFlBVmUtOEUxMUY4TGxackx5ekNYU3JJQTgxTVJSRW5jM3JfOU5IbkJUamlfR181anpsN2NGeXRZZHBPRkZvcjVFSkRjRUNrNml3ZmZLNkU0RnRnbXVKVWhJN0xUQjJ5MmxkekFzTVlqcDA0LVBOUUJjbWNWRjl1STY0Tlk4ZHZObmhza01v?oc=5,"Tue, 03 Feb 2026 20:37:10 GMT",2026-02-03 20:37:10
YC startups can now receive investment in stablecoin - TechCrunch,https://news.google.com/rss/articles/CBMikAFBVV95cUxNU3A3cUdRVk53UU0zSlBiRUFRNDVtR3BrVVVId2FTMUxQa3duaTVPMUsxQU1mVW5GT1JiMmZnakItdmdGVFpXX0UtMUdoa3pNaFlmWFlERTVBSTFOUTdVX0xqaTJkcnNUdmhPczl2YkpUWXFlMmhxa3F0Qnp0UGtTOUMtY2xWbzNjQ0p5MS1QZzk?oc=5,"Tue, 03 Feb 2026 19:54:12 GMT",2026-02-03 19:54:12
Stripe’s Stablecoin Expansion Faces Sanctions Scrutiny - PYMNTS.com,https://news.google.com/rss/articles/CBMingFBVV95cUxNN0pad1NKZjlYNVpWYVRkZkpSN3IybWtnc0RnRkdORGlZcExnU1NOZURWUGxjYmZmOGR2Y21MeFN4TlZ5cF9IODRrWklWY2NCT3p1bzdJSXhpQzVHYlZwZHhOMHEzWjhGQlhQTjFhMjlub0dTUlRWQldIWkhNcEx2M3R6aTU1MlhhVExVYnVFN3dJM0lMTUEyZEZjSnp0QQ?oc=5,"Tue, 03 Feb 2026 19:02:02 GMT",2026-02-03 19:02:02
ING Groep Links Crypto ETNs And Stablecoin To Value Story - Yahoo Finance,https://news.google.com/rss/articles/CBMifkFVX3lxTE9Ydmp4ekw0QUtoLURjSWlyVHFuNjU3a25aUTRDZU9ndGNYbWNJa1lZenl2cjVOTWc5YTlpRk9TeXVyRXM3TXRYenF1ZTBoZHpFVHp2SFdxYmtsaVZxdHFxOHZLLWRaRTVIUEhpQXJrM2hfZGd6UmJQN1VEdFdjdw?oc=5,"Tue, 03 Feb 2026 18:18:28 GMT",2026-02-03 18:18:28
"S&P projects 1,600x upper-bound increase in euro stablecoin issuance to $1.3 trillion by 2030 - The Block",https://news.google.com/rss/articles/CBMixAFBVV95cUxNcEJjN0JvM053ajBZYkVxN0E4c0E1S01RSXZMejROXzRNYXVFbUIteEpCeFdTSF9YWF9zbUVWRm5EYmNkRl8wOF9mdUVPTnRzU1JpTlg1NjRObXJyVUlWelRiMG9iZEpKNmlVZkJBcVdBcE9VbEl3MVdoZERsa3JoNGZmNHAzNHJlci1jdjItSUYzdEFJVGx5WnBoWDV0cHAxSHgtVGVNRjlPcldNdFZWY0xtbU40dmxuYVJlM01rNHB0ZmMw?oc=5,"Tue, 03 Feb 2026 15:42:55 GMT",2026-02-03 15:42:55
Y Combinator opens stablecoin funding option for startups starting Spring 2026 - The Block,https://news.google.com/rss/articles/CBMiqAFBVV95cUxPTFlxcUFQT29scUNnNVNEV2VfMXRSOE1ITnBDczJtUTNxVXlVREQ1bkxJQmVrS2MtWVRCeEhwU25FRTY3NFp2a0xaUF94SGJXa2RPWWJ5WFFNc2R5MVhuM29KTkNWdHBEM3B1LV9OWkQtLU5UYkhzYUs2aDg4UFhxeVNFZ0VkMzZhQkJIZDZpdGh4d2xCYTZJd3EwNjlTZ2s3SkhmQU1MNTQ?oc=5,"Tue, 03 Feb 2026 15:00:00 GMT",2026-02-03 15:00:00
Y Combinator opens stablecoin funding option for startups starting Spring 2026 - The Block,https://news.google.com/rss/articles/CBMidkFVX3lxTE0yOXV5R3ZlWGNhRF9kdkliNlUtU1NWUGdlZDEySjJTemhQYXF1NzM4M0tkQTB0VTNPQVRCY0NDQy1Udk9zVzV4aGtxbmFBbkJ3V3hYRmp4d2xlaGlRVFV2aWNWYnpKb2IwOFJMbGZlWVRwaFpxQmc?oc=5,"Tue, 03 Feb 2026 15:00:00 GMT",2026-02-03 15:00:00
Famed startup incubator Y Combinator will let founders receive funds in stablecoins - Fortune,https://news.google.com/rss/articles/CBMiswFBVV95cUxOWm9zb2kyeDQzTWcyclh5eGY4Nk5HTjZ5ZkdKb2hOQi1jYkRaZEo4eS1pVEs0cTVXOEZCMUdJd0hiQXlTMlBaM1lUX0traTlDWVFiQVNmXzgxXzlTWnF1Q08yaE5UbG5YcHZQZHpxeDJiNm9jZmRzUXBfdmstb2FJNGNQZlNsdWNWMU5KR0h2NWlhMUZnSU5Say1CbFVtUHJraWdVdG9idEw0enBjYUNuRVlTSQ?oc=5,"Tue, 03 Feb 2026 14:50:00 GMT",2026-02-03 14:50:00
Stripe’s Stablecoin Startup Tangles With Sanctions and Scammers - The Information,https://news.google.com/rss/articles/CBMimAFBVV95cUxPZ2UyLTVwNUtMUk40c2RlbHB4UFN2amtSOV9CZE1kMERQc1RtaGR3bEVCRkQ3YjVDeHNKSHJpSFl5N2dHWHlrM2UzVWxoNGZtN01HdEUyMUNqNHlJdFpKdTRFRU9FbFNiTzloaDBjSWdvZzRaYXUzenpxcjlNak1mVFJQa1MtZVJLSUc3eEtiWWhCTnpwdmttcg?oc=5,"Tue, 03 Feb 2026 14:00:00 GMT",2026-02-03 14:00:00
"How Banks Should Engage with Stablecoins: Issue, Partner, or Integrate - Chainalysis",https://news.google.com/rss/articles/CBMiggFBVV95cUxNMDdFNzFfbmJTaWNVak1TY2pyU2FKMzNyUU1EYVRmSkRWUTFTQ09lZl92NlI2N1JHQm5NamRZai1FLTFYeHl6SHo0dm9za1VELXF5TE9rb1hBcUJPemI5Rk1oQ1lfaFBGS2hiMDl5T2F3TmFMVWJFUlZHWGE2bUdoaElR?oc=5,"Tue, 03 Feb 2026 13:31:22 GMT",2026-02-03 13:31:22
5 Ways Chainlink Supercharges Growth for Stablecoin Issuers - Chainlink Blog,https://news.google.com/rss/articles/CBMiaEFVX3lxTFBicnBXYnFNRmptYXhDY0dSenNUdzF5UmM4VEhHZFhYc2FGLTlrY3AxLUtueDZWOUZxR0w3Y0VtbVdfekw3LU4wOElhSkdxSl9EVnBDSndxMmliVDF6Y2RmUUl3eTE5dTN4?oc=5,"Tue, 03 Feb 2026 13:06:26 GMT",2026-02-03 13:06:26
Hecto Financial Integrates with Circle Payments Network to Enable Stablecoin-Based Payments - PR Newswire,https://news.google.com/rss/articles/CBMi4AFBVV95cUxPSjFfS3MzR0I4VTU1MzdSbXRPUURfSjZTTzA4MmpfdXZlZS1za3JDRDhBREhnMGtSX1RmaHhQZFlaTS1HYmNOX3pVZWN0WXhjd05Sb2VyMnJZMlI2SGpBZlctbVNjTnliRnJqa2Y5UFYzeEVFVF9YQUgyNWhPN3p0MTMxZkMzd2FOZzdaUnR3ZTBqZXZkRDdSREtOdWkyLUZPaWhSOW44bHpQdU5UaWVENW1SWlZPa0F4aTYxZGxkajdBTm1wMkZXc0lfX3VxSmFhQTdBa2dvSkRqTDZCeXUxOA?oc=5,"Tue, 03 Feb 2026 13:00:00 GMT",2026-02-03 13:00:00
VERSABANK ANNOUNCES STABLECORP'S QCAD AS FIRST STABLECOIN CUSTOMER - PR Newswire,https://news.google.com/rss/articles/CBMivgFBVV95cUxPSnlTM04ycnBpdmtRN2NyWUJraGtKWEw4a1UyZnlwRE41U21uZDVFT3dQSm5ZYW1iVkgzcV96dlVjM0tMRTh5YlBrZXZxbTl2bmMyMjhia0JrczlQUF8ya1lLRTUwSUljU3ZBQl9BZ0VucUlkeGZPR2tmQjhhUmRJLXlWanBrTGNJelh0NU1EYWdGTU1seGpxcHNMMVp4RXhoWV93ZDBQNllQV1huclVvRkU0bnVHOWlBV0Z5OXhB?oc=5,"Tue, 03 Feb 2026 12:00:00 GMT",2026-02-03 12:00:00
Stablecoin rewards issue remains unresolved after White House meeting - ledgerinsights.com,https://news.google.com/rss/articles/CBMiowFBVV95cUxONlhmWmNaaFU5OEZPUWlOclBBY2FQQlRsUUwzay0wTE1CVFhtaENFeU1zT0xyMjc4dzZRdHgwaVNJLVhld2U0TU9TRW53WFRCOWFmMUpOY25Da3U0STN2d2lvYXNsdzRabTlJc2pqcXZ4UHhMWHJnb04yNXpuSHJlbVIyMENiei1hUDdzWUVzcFQ0c0xrQjhMSHVBT0tyTkFBYm9n?oc=5,"Tue, 03 Feb 2026 11:10:31 GMT",2026-02-03 11:10:31
Upbit partner KBank files stablecoin wallet trademarks ahead of IPO - The Block,https://news.google.com/rss/articles/CBMia0FVX3lxTFBZS1BWSGRsaFd1RjROdUhxWHZXbkJsR0NwMEMxcXB4dFFnRmN0am1VWXBZOWhqWGoyYlhkYmthVjNxd3d5TThsbENRaGdrQ2JOX2hsRm1hbFhVcDBrQ0oxRGszdDJhbUdqX0Mw?oc=5,"Tue, 03 Feb 2026 08:02:23 GMT",2026-02-03 08:02:23
"While US Debates Stablecoin Yield, Europe and Asia Set Clearer Rules - PYMNTS.com",https://news.google.com/rss/articles/CBMisAFBVV95cUxQWVdoeHdNRXB4c1pMT1RuX2VIUzVBQW9kell5c21jM0NybHJsQWVrX0V2VWhPOUgxNGNvRjBxczFlcE4yNENVcnRyQ3NaVWxWNDJmNkY0YWFNMVRySFBzVGpjRHYwVXVkM3VfVHpXdkxkUkd2dmR5cENEM040TmZKekJWTTdhRFJuQmVuc0ZUaDc0Zy0wY09vWlhwN2FOdUFvSzRKQUxKbTVyRTQtWnpQdg?oc=5,"Tue, 03 Feb 2026 00:21:29 GMT",2026-02-03 00:21:29
"Singapore Gulf Bank Launches Fiat, Stablecoin Service - Family Wealth Report",https://news.google.com/rss/articles/CBMipAFBVV95cUxPUm5NeXRfb0RFUkVwcDgtNEdfT1JQd052THV6NXdoYmdjdVZiT2IyWlFPZ1RKN0poemM5dEhlem45WHEwb05kcncxd1JoV0lqaWh6VHFBLTF4b3l1dmU4d1ZTMnJLU2dkOFBnRk51QklDMHV3REpZZTVrY2R0dXdzc2JGd3VBS1NxTUxKQXdQVl85RVNQQktDci1HRDdOVmMwbm03YQ?oc=5,"Tue, 03 Feb 2026 00:15:01 GMT",2026-02-03 00:15:01
White House crypto meeting dug into stablecoin yield debate on market structure bill - CoinDesk,https://news.google.com/rss/articles/CBMimgFBVV95cUxNbFpWTzBVeUhfVWJhTGhIcy1CTE1saEZ1cV91SUVmdFpVd09ZQlFQcGxmUnFCb3NSYl9ZLTZPU0FRdUwtYXRsZXpsb3RmQkNIWlNBMXB4Nlp6R3ZWRHZXLWVFWk5kejJiWmpLNklCZTNwempxaFh3eVdoaXBVYXhvOG1YemFsYTQ0NWROcVVKRFQ5MHplUEpYNXNB?oc=5,"Mon, 02 Feb 2026 23:37:30 GMT",2026-02-02 23:37:30
Stablecoin Yield Deadlock Persists in White House Crypto Talks - Bloomberg.com,https://news.google.com/rss/articles/CBMiswFBVV95cUxQMUx5OXkwUUVwbHg1NHFNaVRYc183aEFLZUZMSWZDZ2tQYWNLaUFkd3VUYWdMRy04eVVnMHR1UWdjMmRzZmlEZWNmenRIUXVhWnpsMmd4SVVYdUtTMzhZRjZDVm95Y0FqM25iTVRZUGhQTkdHamJhek5XYUh0NFh5UHBpNmEydEpyZlQ1RUE3djdCRThzdnBRTFAtM2phMHZ5ZnV0Uzh4a2JLdHA3QVhaWXhhRQ?oc=5,"Mon, 02 Feb 2026 22:22:45 GMT",2026-02-02 22:22:45
OSL Group Raises US$200m To Expand Stablecoin Trading And Payments - Yahoo Finance,https://news.google.com/rss/articles/CBMiekFVX3lxTE1abTZ0TTk2Mld4SUxNYzR2dFF0NG9qVDZBUnladWtfMW5OMExSd09qYjBVNDZOdWlfY0NiX1FiMmZ4S2N0SkgtRjJsVW9oTzV2R1lVRWtFcHVXN0t5YzRrZWs2YkhzQzFNZEJ5WmNRWl9UVWxUOHpBSlh3?oc=5,"Mon, 02 Feb 2026 22:16:22 GMT",2026-02-02 22:16:22
Inside the White House talks between crypto firms and banks on stablecoin rewards - The Block,https://news.google.com/rss/articles/CBMiwAFBVV95cUxNU056ZGZRY296eEF0V0dkTkFtTmd6TDlKOUt5SlhJZjRsa24yNDZsaS1jNzd1bFhLYWlsTjRqRlZIRERxSEtCOTZYQnNIQjg4eldJa2NYUGI2OGFJcWstU2J4dnNuX1E3Z0U2OEZHS3E2R1htR1QxQkllanBxMDk2LVU4Z3lsN3Y2QnRTMVNyRV94THMwdl9QZENlSVZ1SGpIQkVDcGZZci05VVBPLTlyS21xYmxNZGJ5cVN6bVR2N0c?oc=5,"Mon, 02 Feb 2026 22:12:19 GMT",2026-02-02 22:12:19
NymCard and Visa Launch Stablecoin Settlement in GCC Region - PYMNTS.com,https://news.google.com/rss/articles/CBMiuAFBVV95cUxORjhwZUY5STFjNDl4WFdTYkdIVkdhSGpZclNBNkpXWVF5SWpiT1dOSFBsVkJrQjdtbmlPZk00TTFwamtwLVBya19kMjNhX1dPM0Nmd3NZemhEdl9DQ3ZGMTJkNV9rYV8wR19XMm5IME13blV5UmJWcnV2NGdvWll1dlFONllqb3VKclpjbFJrZ0lyVmJ0WUNJOGFhUV9hMGJjNl80VHR2UWlCTURvMzlvcF9LdW81RW5E?oc=5,"Mon, 02 Feb 2026 21:46:24 GMT",2026-02-02 21:46:24
Bridge CEO Zach Abrams: stablecoins are the next platform for money - a16z crypto,https://news.google.com/rss/articles/CBMipgFBVV95cUxOTXBJbUxqSktWNHlHZUc2YTF2TnIzeXE0QU56LTVUc2NHcGtCZzNMb3N4TlZ4c1ZILUJzRFQ5N1AwQWc2cUl1V2RidjFNbUhDS2EtWVhYMEZGNjlVQWh0VXNLMjJNMl92Q212Rmh5M0hYRzZOQnE2Wmx1ZTRWUHRuMHRGSHVRUzROQktJT2hxMXN3R1ZpQjVGRVRpam9uNnc2ZllqRC1R?oc=5,"Mon, 02 Feb 2026 21:34:17 GMT",2026-02-02 21:34:17
"Where BVNK, Polygon Labs think stablecoin payments will happen - American Banker",https://news.google.com/rss/articles/CBMiqwFBVV95cUxQVHh3bnZldjJxbkp2TGh3VWZVN0ZTOHNablVQRDlDSEdGYTVlSm5UTXk1MnF0QjMzd2ZrY0ZoVTZqQmRGUW5SVjZHTlVXYWl2SlBOX1FNZzlYSWpfZG5rTU9LdnBWaVRNelNwYTNLT19DakN2RDBfcHYyY0M3eEp1Z3dtWC1EY1FNcGU4WEtVdmlWX1pZV3EwMFVqczE3aTRCcWY4YnVTd0FLV2s?oc=5,"Mon, 02 Feb 2026 21:34:00 GMT",2026-02-02 21:34:00
This Could Be 1 of the Best Stablecoin Buying Opportunities I've Seen in Years - The Motley Fool,https://news.google.com/rss/articles/CBMimAFBVV95cUxNWUhScEVuRDhlQnFOa041Z2lGNUdxbkhxLUNqTDQyNFRHLWxPVnplYmJCLVVKenVsdjlXQWJUeS1HSHV3ZkdzTHpSUktMeTJlaUxWdXVnNmJFcXdnY2ZDX1dTYmlFeExDdXFGRElla2hhRlBJUU9sNTBIU05qTFVhck1oUG9ZQnlabWhmRGFiQzJIUTg5ejl1ag?oc=5,"Mon, 02 Feb 2026 21:01:00 GMT",2026-02-02 21:01:00
New York Attorney General Letitia James slams stablecoin law GENIUS citing consumer protection concerns - The Block,https://news.google.com/rss/articles/CBMiuAFBVV95cUxPbi12U0pvaFhfSERwckFrQzl6U0JMbkZvdnRPNkVhR2FXYldJcEp4bnlXbDVzWmN6Z3cyZG5IanVjRUlDcV9IbUFpZDloaFZfaHBpLThNVU9Zal9CcmNscGhSRS1RRXlZaWJwRzhxTGtBdFZwaEloSTY3YUhheVFzSnJGa0tGOHhnM3hyNWxybGRaUC1JdU9HVktpMnJ5ZjgtZmxCQzlOQmtKbGJ3MzJTM09WbUcxTTRi?oc=5,"Mon, 02 Feb 2026 19:59:48 GMT",2026-02-02 19:59:48
Banks' battle against stablecoin yield is already a lost cause - American Banker,https://news.google.com/rss/articles/CBMiogFBVV95cUxOenBDZ1ItRnlkNUpRVXRpY3BCejNNRUVzX0FTMk1wWk5BWjV5OG41VjNGN2dBSkNQRkFuTjJwcTdESXJ2bEFaWkpVY2huVGRHbXNFSE9CUGRkdU9Wd3ZRc2lFaHJNM3Y4OVVXdlB0TjFJQUw3cm13WGVNOTV6UUpyUmxUajEtTGZSeUtYc3dhMUpkdnJYODJWb2ROcjRJa2w1QVE?oc=5,"Mon, 02 Feb 2026 19:00:00 GMT",2026-02-02 19:00:00
Creating a Stablecoin vs Partnering with an Issuer - Circle Internet Financial,https://news.google.com/rss/articles/CBMiqgFBVV95cUxOVzhqSXRrWTc1VmNOdk91blgtWms1Z1p1VEFwQnBHdkJDdHBONmhIX2NDMVZyOXhHSFFodlpZWlhNdmxmMDNUQjBsNUxpOVlMb0ZsT1ZISW5QU1Bpb04xX0JidlVQRW5HU18wdVFFUEZSSlFwWVFPVUhzV0gwMFlEVzBPOXBnaXJQejhscUJicEhWaWZYanB1eWdDSVVyQmFEOVJINXljUUlydw?oc=5,"Mon, 02 Feb 2026 18:51:22 GMT",2026-02-02 18:51:22
Aave’s GHO Stablecoin Supply Hits $500M - thedefiant.io,https://news.google.com/rss/articles/CBMijAFBVV95cUxQaWxKaHh1RzZWQ0ltcnRyWWhvRFUyZXlJeDEtUkRjTDFBR3ZSamU4d2QxdVpWcXRlb0pRcTZudlJfbTlIUTMyNlFNNGMxdjYzME82ZHRVOXJGOXlVZWQxT2tKSnlJb3dSc1FsQTZDNjlmNlRudkRfRkRrRUNLYmpJUm1ZT3lxUzhpTmp0ag?oc=5,"Mon, 02 Feb 2026 18:34:46 GMT",2026-02-02 18:34:46
Fidelity Investments Announces Launch of Stablecoin (FIDD) (via Passle) - Loeb & Loeb LLP,https://news.google.com/rss/articles/CBMingFBVV95cUxOeHZ0SGZ5YnFqVkFhRGotdkNFZ1FaaUVJMlhMTFI0RmlGMmRVUnM1ZTdLT1ZSazh3VExBRkhDYnZoU2ZnMExLNUx2UHBfTkxuT2ZZNkRRNzR0c2ptOHVmS1cyZGZxazdOMkNXaWJVbU9yU25lQnZYOTh1c201dElHNTV6X2NrU0NzUzY4VXBpMUU3WEpHUDZxc1VWd2FvZw?oc=5,"Mon, 02 Feb 2026 18:00:13 GMT",2026-02-02 18:00:13
Opera shares jump 18% after MiniPay adds Tether’s USDT stablecoin - The Block,https://news.google.com/rss/articles/CBMimAFBVV95cUxQdUtEMmU2LVF4NFJfeTJndGEzWmRYcndSTUNQN09ZUXpXOGlqUzdIMVYtamFRa2VzNGsxVjZWdFgxX1BHWHlDYkl3eEItN1JMSEYwN0M3amVma1pJX3FzdllUMFhZRjd0MG5RbWEzcktFd0dmQlhHNmo1YllORjVmM2pkRHVnSnowUTZteUphd1kwYWJtOFBXZw?oc=5,"Mon, 02 Feb 2026 17:06:33 GMT",2026-02-02 17:06:33
The Decisive | Season 5 Ep.4 - Stablecoin Adoption: The Next Wave - S&P Global,https://news.google.com/rss/articles/CBMi3AFBVV95cUxPRGVyZmoxYndseXFJOVNyOFk2WmgzOGxDd2RrRFdZTmlCM3p1UzBvbjE3NUY3UXF2R3VkYktIdUVod0RtYkwyUUJUeEVzd2dqUG5nZ3F4QTlDNGVXSkxIeXF0TW5OUmdCbEkxZlJUbUFTMnJrUXZzV2dHY1hGTGVKeVd2YkQ5elI4TW8xeVZwUkFjNnVJVmxxak8xMkhNemxDU29rS0FSVW02ZGRzRXJ4QXdYWUx2VV84RGFZX2l5aTRNeU5reGpfLXp0QkZWYjNiS0dUcEQ5d0VlWWR1?oc=5,"Mon, 02 Feb 2026 16:07:25 GMT",2026-02-02 16:07:25
Coinme Closes “Last Mile” of Stablecoins with On- and Off-Ramps - Polygon Labs,https://news.google.com/rss/articles/CBMimAFBVV95cUxNbkxFRGRzYWZPREU5RzZtbVo1YWN5VlQyWUxscVRISmlOVG5kdlU5LXpNT0IwalVOWXhNbFVheWIwbG9fUkN2c2dtZndvc01kc2pyMk16dk0xcGl0djdZUVcwanJHVjVIY3FHLUhUMmdxVklRR2ZQV3Nlbmg2MFpQR1l5bFR4ZlhRcFZ5TUIxNWVnc3h6UGRpaQ?oc=5,"Mon, 02 Feb 2026 15:24:49 GMT",2026-02-02 15:24:49
Singapore Gulf Bank Adds Stablecoin Settlement for Institutional Clients - thedefiant.io,https://news.google.com/rss/articles/CBMipAFBVV95cUxQZFg2RGhQZGRPUTMxaEdRT2pfV0tCdnlDVHRSUWxNQy1samdJWjcyajZzWVJHMnhRdFR4ZVFHWW02bUM5b2lDMlR3bkNyZFoxRlBsR3FPc0ZPSzIzc3Z6MGF5LWtrYl8zbzViNnNrbUdtSFZvaDUyOV9DdDNsSUphY0JYR1lSNV9lcW1KX25kTmIwNGtLb25BQ0VBZWhqd3JqX0p6ZA?oc=5,"Mon, 02 Feb 2026 14:54:07 GMT",2026-02-02 14:54:07
"Stablecoin law allows crypto firms to profit from fraud, prosecutors say - cnn.com",https://news.google.com/rss/articles/CBMid0FVX3lxTE1JbGpKbkZGZ2FvaDdzS1pEWlQzU2ZqR1hxVW1zUFdFU2JPeC1CNUVrSWZwZFJheThSLVd4ZW8zb19uMi1ldEZvTkpqQnRwOVlyRXBGLXFoYXk4bEF1SVZUNjk1aFpJMnhzeUp3ZE1EVGlUbFpQRjFz?oc=5,"Mon, 02 Feb 2026 14:00:57 GMT",2026-02-02 14:00:57
White House to Host Stablecoin Yield Meeting at 1 PM - Bitbo,https://news.google.com/rss/articles/CBMia0FVX3lxTE85X3pFemNMeWFLdXE2QVQwRjRuck9JR0dKTV9ZYm9GQ3hFanBsdnVZNWlabldvelhfOC14UWJDRDRFWmlRNTVmZlZHUVlLdEFrOFBYRDVVRGJLb3ljZGpyQnVjbjgwdGJtUVdB?oc=5,"Mon, 02 Feb 2026 13:00:04 GMT",2026-02-02 13:00:04
Hong Kong will start granting stablecoin issuer licenses in March: Reuters - CoinDesk,https://news.google.com/rss/articles/CBMitwFBVV95cUxQMl9HTm1Mem9Fc0VSLWp3UnY5RUVJYjIweFVJdzlYOVdHUExPS1JPRTM4UkczMWMzNkdvbmJjRXRoUVl0WTZFa2EyT3FfaTRCS2xOcURNUHdxb3hpcEU2eUxSQk01TWg4MkFTR2tsc1d6TEp6WWR6bjRmVlYxeUI2OC1Hd3dpT1dIQUY5VWFxNFA0U1VLWE1lNkQxSlJLVWExQzFpeW1BcWo3aGtHMWVLUmc0WDNFeXc?oc=5,"Mon, 02 Feb 2026 12:39:29 GMT",2026-02-02 12:39:29
UNICEF CryptoFund to use stablecoins to fund innovation - Unicef,https://news.google.com/rss/articles/CBMiiwFBVV95cUxPb3FYYTJxbTVHdnJ5SzBFSTZRUDFIM0FmWkdzTDJiVHYtX25naFdWNjV2UEQyTVFzR3Q2aDdvX2lpbTVJVm9hUklfQUR2SWxjY25oazBISVZYZWFDZFBlYXo1UDZpRktNR0xkVmYzaUxPWDMtMm1XcVVMQUE4akEtbXA5T0NqSzlkSnhv?oc=5,"Mon, 02 Feb 2026 12:15:49 GMT",2026-02-02 12:15:49
SGB Offers GCC/Asia Fiat-Stablecoin Interoperability - Markets Media,https://news.google.com/rss/articles/CBMiqwFBVV95cUxOMnlkdEllX3dXck1nWmp1dUN4RWxMd2hkMDFhclE4SThWSTFzSXNNNHlWbnJEM0IxM0FzVDEyc0RTQUxpRXpiNjFXSzdvQkZvU3k1Z09KY2xFOGZYUkYzT0NUMWk5ODl0OFM2cmQ3ckFOU1l1TmhkWUwzVldLUnhOM3Jadmc4cFhPY3RvTjN5aHFFLWthZU5LaTdES2YwTU9qSXBMTDRDdHJTWGs?oc=5,"Mon, 02 Feb 2026 10:04:43 GMT",2026-02-02 10:04:43
"Hong Kong Targets March for First Stablecoin Licenses, Few Expected - Yahoo Finance",https://news.google.com/rss/articles/CBMigAFBVV95cUxPX1hnMzlwTnZjeFhYSFAxdi00T3B3U2tUTGpHd0d2aW5vMEFuMG9SVmxlVEJFcjMwUG1JZUl1MElaRGd5TTlaRzBXS2R6OGZCNXVPelNSdlJJbmRFNkI2ME4tZmt3WDhKWHF0QkpLR25mRUhUSmxMRWVob0ZCM3BEQw?oc=5,"Mon, 02 Feb 2026 09:00:36 GMT",2026-02-02 09:00:36
Bank Of America Balances Epstein Lawsuit Risks With Stablecoin Policy Role - Yahoo Finance,https://news.google.com/rss/articles/CBMiiwFBVV95cUxOLTRmaFpHcnZjREZyQ3I0RFhWTHVUd3dBT3UydUc4ZnY1Ny1pTExIWE5hR056LV9QNUx4T3p3c0NIYkllZUs1YjdteHVZZktiekcxbURsVTZIUnNtQmo3TEZHZnRYUy0zc3pidVZZTkVFeFROVE54TjctcEdkMVEtY0cxazh6akVObmxN?oc=5,"Mon, 02 Feb 2026 05:05:00 GMT",2026-02-02 05:05:00
The stablecoin war: Wall Street vs crypto over the future of money - Financial Times,https://news.google.com/rss/articles/CBMicEFVX3lxTE1FeWhNMkxiZi1UcHUxd25EaEdLRHVqS0hWbkYzVGNkUktCcEhNRXFaVDY0QjlCUmRHeTBmU21jODVGQXFVbkxsOWtxNVB4MWJndU5rLXVTS1F1Y1N1VW1ZOGNpMy05Z1AyNFBaSTZ5RzY?oc=5,"Mon, 02 Feb 2026 05:00:33 GMT",2026-02-02 05:00:33
Hong Kong regulator targets March for first stablecoin licences - Reuters,https://news.google.com/rss/articles/CBMingFBVV95cUxQWDNfWnU3Y3B2MWlVNG5rVjR6MlAwVUMyNlc2RkV5V0lvOF9BeWMxeFV3VmhUUDRoZGhIMG9UOXk5SmFBblAxZ2NnZ05ZeEszeXg0Vk5sbmxmbldKdnowUEE2UnNLSkt0dDdkVlM3RjlnTGpfLTlxcGt6cy1pUEZNeTRDU0Z2SnNnS3NsMWdiWVRROThiNDh6dEw3dUo0Zw?oc=5,"Mon, 02 Feb 2026 02:31:47 GMT",2026-02-02 02:31:47
Visa Extends Stablecoin Reach As It Seeks New Payment Flows - Yahoo Finance,https://news.google.com/rss/articles/CBMiiAFBVV95cUxOaDlLbmJ2ZHZUMDVBOHZ1QkZZZ1BwRDVhUFBna254NmNOVUFJQXFPQURIYzlvZU9JMV83YTEza1lDTkZROWZQSm1fWEt0QTgzeS1yT1JyS0pzS0lCMEVCUEdTcnlPeU94Z2RHOV96LUhrdFNRRGxnYnpQOENVZURVV1dxRENZVFFS?oc=5,"Sun, 01 Feb 2026 21:09:11 GMT",2026-02-01 21:09:11
Digital tokens: 8 types of crypto coins - Britannica,https://news.google.com/rss/articles/CBMiYkFVX3lxTE1ZSlZ6TWlPVjZYZ1c1aUlGV1NnczlXLTNHVGpGNlZ3Z3VCVDk4UHJ0RGVzeUphTGdycTJsWlg3dEg5RTdxcDhqNXh5WVpQMzNFTE1IT05YN2JYOXUyYTNzNHdn?oc=5,"Sun, 01 Feb 2026 20:55:00 GMT",2026-02-01 20:55:00
Stablecoins and the exorbitant privilege of money creation - CEPR,https://news.google.com/rss/articles/CBMiigFBVV95cUxPZE81MlVkUmtRdjhCc2J2TkswbzdfZ3NGT002bVFFS1hGcndfOHJOSjBvRElOcFBWRGI5a2lKb1lZQmVsSXB1ZVVqRmlMSUhhckF6QWpTcTR1THFMRktucVZ5aDRZVkFsOTBfTmxnUHhEbE5uV3lYNWNyVnVKRk9tV0dXUTJIQ2g5amc?oc=5,"Sun, 01 Feb 2026 00:01:14 GMT",2026-02-01 00:01:14
SoFi Taps Bitcoin And Stablecoin Push To Expand FinTech Platform - Yahoo Finance,https://news.google.com/rss/articles/CBMihgFBVV95cUxNaXg0b1A5R21jODhUdmRaYU1oYUNYd0lRdk9OYlR6Q213cjFhcWtYUEpJeXlycTJmckFDQjhzUnNRRFJ1V0prQW1YLWg5MWY1RkItVU0xRENDcG5Yc2ZiSmJaZVJVaFR3ZGRrWElUYTZtV2ZaTXZtNmtickZ6cTNsU09vc1hiUQ?oc=5,"Sat, 31 Jan 2026 12:15:49 GMT",2026-01-31 12:15:49
Payment Networks Use Earnings Season to Press Their Case on Stablecoins - PYMNTS.com,https://news.google.com/rss/articles/CBMisAFBVV95cUxPSWlmOUJaLXdqcDlsREJGTjlnZ1RjWkpYa0tiRXFVRmhFdDY3QzFKWDhBelI2MEtuRWI0azFvZnFQTkdRSi1aRHJ6WFNnQVJOS09YV1pPa3A3UFBoR0ZFcWxHRlBMNmxBejFXeFpqVjZoS2JmS3lPdERWaFZMR1VBMzBxcEF1Q2lIaEhoc3Q5Nk1SVDhpVkp6cHNPZFJNQ0RKQlZPZEJRZkpLaGZyeGxydg?oc=5,"Sat, 31 Jan 2026 00:19:28 GMT",2026-01-31 00:19:28
"Coinbase, crypto and bank organizations set to hash out stablecoin rewards at White House summit on Monday - The Block",https://news.google.com/rss/articles/CBMimgFBVV95cUxNZllHdjVWSmE0bDQzeTZmQTZHek90SHVQMnlvRVJKaGJXZGJWeG81dlhnRl9yS0pSekREQ2UxNk50NDkzbWdzdDdXcGI4aEk3VVNvN0dMWDEyRUNoNzA2dUR1ZnNxSVhrM3ZfT3JMTmFLanZWdGw1dktUaDVrSGJCaFMyb0VvU184R19iZmt6VWhQczVYeG5FOHp3?oc=5,"Fri, 30 Jan 2026 21:50:22 GMT",2026-01-30 21:50:22
Visa and Mastercard aren’t buying the stablecoin hype for everyday payments - CoinDesk,https://news.google.com/rss/articles/CBMivAFBVV95cUxQOHVObjB1dURJaHpyOFpYUWh2UXJXT1VGNFo2MDdkYkdMZ2lxU05LSEFrNXRUWXNNRkhKd3FTdVJrNmhKRnJaSnN3RVpGOFRiOWtEcl9BZk14N3BDMHZBNnhuTnJuT2dhakhPallDVXZxSC1MT3J5cXJ4Mjc5THBjZU1CLURjeFpJQUVWQUgyZjR1bHJ5ZHZDWUhBUzFROE9sMjY4MERhN0pnM1h3N3FLT0d5dkU1a3EzY25lcw?oc=5,"Fri, 30 Jan 2026 17:48:45 GMT",2026-01-30 17:48:45
Visa and Mastercard aren’t buying the stablecoin hype for everyday payments - Yahoo Finance Singapore,https://news.google.com/rss/articles/CBMihAFBVV95cUxNQ09zMnZnb0gtQngyUnBvX2hhclFFOTFFWlNqenhwTUxJUEhZYmMxeGVqSFMtbWg2NEpGeG5YUGtjX1RhZjlBSktuWU15amFuRGJZLXpreWpVb1pNRnN1QU1jeFlYNnN1NnhFNUU1Nkh3VTBwVVk0cGI4d3ZOTWNlRWlCaDU?oc=5,"Fri, 30 Jan 2026 17:44:11 GMT",2026-01-30 17:44:11
Polygon’s Coinme and Sequence Acquisitions Reveal a Deeper Fight Over Who Controls Stablecoin Payments - FinTech Weekly,https://news.google.com/rss/articles/CBMipAFBVV95cUxNRFo3ZllTRGZvbW9JbEpiaDk1aXlWM1VqTE9uY3Y5cDVVb083UE1RenZNd2JBLVJxeHRRd2N5NXdEcWRYcHdaNER3ZHZmejRjSnFYclBGQV9qekM5MllzMmRsOFhoaXJjdFVhd205NG1VeTlNeDBfWk92dThJUzBMWEdnUTM1ZTN0TnlDMmVtdEtzR2IwSEg4eTlhRlJTY1IzUWk5MQ?oc=5,"Fri, 30 Jan 2026 17:20:00 GMT",2026-01-30 17:20:00
Bison Bank plans first Portuguese bank issued stablecoin - ledgerinsights.com,https://news.google.com/rss/articles/CBMikgFBVV95cUxQeElmZ3kzMDRZY3NsZFJhc0dSOXZ4NnFVMlVib2RjS1hlY3F4b2JhUXIzM24zZEVsbEktbmc5R21GMTBBb1pSZHlrcHBHYTdrUFZXZzRqRWxiYkpXNjltanZDQWZWNERLQU5Ob2NjRUN1cWxTYXdHMGpUV00zUHlNZTVFd21ESkxib0Jsd3drNlVNQQ?oc=5,"Fri, 30 Jan 2026 16:00:42 GMT",2026-01-30 16:00:42
Donald Trump Jr. Celebrates 'Built In America' Stablecoin Of Family-Linked World Liberty Financial As Market Cap Touches $5 Billion - Yahoo Finance,https://news.google.com/rss/articles/CBMihAFBVV95cUxQd2hzWDVCXzc3N2RCUVJxeEFUWGdCNXducW1ZVnZhUHduUDdoZ2tUM2UtQTI0a0NDeGtEa0IxVUd0UnlyYnpJZ3pOdFBVOUFmdnN0eEFrYkcyVVU3UXZ2SzRBcU9qZGJLRWd0d01HRldITlVCYWhEMjhRYU5qa09ndTA0VVc?oc=5,"Fri, 30 Jan 2026 15:31:11 GMT",2026-01-30 15:31:11
Fidelity plans to launch a stablecoin - American Banker,https://news.google.com/rss/articles/CBMifkFVX3lxTE1mYWdINEVHNkpXWFdPbUlZYWhLc2FxQ0haekZOQWN1bGxpVVRXU2NCSHhzbmQ1d0gtYm1LOGJtTHdVTnkxRVBkZlZWNnVWX1ZWMS13b25oV2tSdFcxM2Z5Zjg5MXFtQi1NQ3NMSzlIUUtSRURNM2YwRWQyR2pBQQ?oc=5,"Fri, 30 Jan 2026 14:00:00 GMT",2026-01-30 14:00:00
UNICEF CryptoFund now accepts stablecoins - Unicef,https://news.google.com/rss/articles/CBMigAFBVV95cUxNTGVVWDZJanc1N0lYQXJGZ1dEXzJMUU1tcGM3cDlwNUwtU2VVam9NWDFiWldmenJSaDh2eWlHc1phcEJHaERWWVFXTlgtTkRkT2dycGlzU3pJbkxtRDB2TmdPa3FOaE5wUE5TZzNIQVdPSGUtY19RbGlUTFpTQ1NJQQ?oc=5,"Fri, 30 Jan 2026 12:26:15 GMT",2026-01-30 12:26:15
Visa Crypto Chief Bets on Stablecoin Settlement as Transaction Volumes Surge - Yahoo Finance,https://news.google.com/rss/articles/CBMihgFBVV95cUxOMnVhNWI3WUtTMEhlWVQ5VWJXc0RNRU9FMXktYzZ5OG51UTJyUXBULXB5ZHpvaWkzOElxaXFTdmtVdVo3djBXUG1WTHJ0MDZpbVVCY0RjMlo0RjdPejRFNXRaLTUyMVo3azhxeUhWeU8xTjNkYm5VeWtDbG1JR3JPbmNMVzVCZw?oc=5,"Fri, 30 Jan 2026 11:59:17 GMT",2026-01-30 11:59:17
OSL Group announces $200m fundraise to scale stablecoin trading - Yahoo Finance,https://news.google.com/rss/articles/CBMihwFBVV95cUxOOElfdFBfYjVyMFJ1YnZWcnBydktwTjFSS3VfZmZ4U21Kc0VueU9oaF8xVU5RS0JyMldSMVVvRDFJeTQ2YjEwMlZUSVpmRExnVGxaWFlsYzVsZ1JhMkJncnRVYmdyd21od2FnYnVKZzBueUJ6RUVXVjBRV0RzRHplRl8tQ0tHRGM?oc=5,"Fri, 30 Jan 2026 11:13:00 GMT",2026-01-30 11:13:00
Visa doles out stablecoin advice - Yahoo Finance,https://news.google.com/rss/articles/CBMif0FVX3lxTFBIUWJMbl9BOHFLOTJLNl9qMTFabFRKOFZnSlFlT3VlVmx2T2dZSmFrQmZnUXVVX1p4WWs0b3plOEktc3NZY05jX0pma29SdDJkTjRYN1F5dmp4SGdsUHlXdUpxT3BIaGRxM2RZTmpPNEwwenBFdHYzaVBsRXNaLWM?oc=5,"Fri, 30 Jan 2026 10:24:00 GMT",2026-01-30 10:24:00
Binance to shift $1 billion user protection fund into bitcoin amid market rout - CoinDesk,https://news.google.com/rss/articles/CBMitAFBVV95cUxNelhqMmxHbzRKTDZpRnJSeVRfazZJRGlhRDZGSXFtSzFLTXk1YXh5Y0x3RDJucjlleXJZYllkU1Z2VDlSQjVkUGZCN25XRWlBRTBraEhHX3Q5TG90RE9idmNEdzZBQzNfZWZxVlg5VGtTMmxXYVEtLUJmMlNVWEVxN0poYkhVTVlVODRmaXJXTEYyTzVBWnRsZUF3SnBoTVFwWE0xNHNGcEU1VFFpdXFfZHNSQ2k?oc=5,"Fri, 30 Jan 2026 06:32:54 GMT",2026-01-30 06:32:54
CLARITY Act Proposed Ban on Stablecoin Yield Sparks Congressional Debate - Consumer Finance and Fintech Blog,https://news.google.com/rss/articles/CBMixgFBVV95cUxOck9WLUpSU1BOakUtalBHMUZ6SnNYY3ZCY0tGMk1aYWZxV3hIYTB0Q1FzckhXbkxtVi1wZ09UNFlmQTZkTVk0MHc1QjY3ak1CUE5ZVEdjSVBkT3FXdURIVkduVkZOSmdiaU5xM0xqeGdqV2s5aDJwWkhsRGZWejNxYmJBdHJhWmVmTkprV0FfSEl5MGpIQ180SXhQVmFfN2kyclkybTRmN2J0RDN1UERTX0lsUXNZOUdLUHAwS1RZR3U2aFVRWXc?oc=5,"Thu, 29 Jan 2026 21:31:07 GMT",2026-01-29 21:31:07
Why Community Bankers Care About Stablecoin Yield - The National Law Review,https://news.google.com/rss/articles/CBMiigFBVV95cUxQYy05OEtNODkxU0RwRnJMUVBMRjFXOHVvVWQ1dWpaUU5aSWxRMlFNZGVnb1ZtM3lJVUtEOGEzZWVEdWRYYklGTktsU0llTDU1TXZPc0paTmIwYmpaQzNiYTdtd2ljLWsyWG1aQW5iVEtxWkxueFZpU3Q0b1J4cm0wMkJORF9xWS05clHSAY8BQVVfeXFMTnJ3NG5KUkdmUGtBbm1VUnh5azk1YkhndDY4ZlVWalNjT3hSUmtveVVtWUY4VmZDdGpFdm9BZnRSc0Jwck9ianliNkhhcEZ0aldOQ0swdWZzV3dqb0FEeDAyQ3dIeGh5blhDbW10UFBtdWRmTUFCRnVLTF9nSzhrQzAtZ2VWUjR5UVFtcXFmSTA?oc=5,"Thu, 29 Jan 2026 21:30:44 GMT",2026-01-29 21:30:44
"Payoneer CFO eyes stablecoin, AI innovation amid ‘stop-start’ economy - CFO Dive",https://news.google.com/rss/articles/CBMipAFBVV95cUxQYnNFMUpySkFhM21GMkEwcTA4cHhCUFNjRVM4R0JLMVhtaTZFcnYtLTU4b2RBdkdpVGdOMF9lWWhsWGJLUi05OUw5dENlb043b0M2SWxJUU9FSTZlNEZvWXhGRXV5ZEt3NzlQdktiYkJfMS10eVpkVm4wbXVmTzU4S2ZQdzhMVVFyN0libHJOeWVQQ3owR01oVzl1WWthcFp2TkpZNQ?oc=5,"Thu, 29 Jan 2026 19:34:04 GMT",2026-01-29 19:34:04
Universal launches first Central Bank approved USD stablecoin in UAE - ledgerinsights.com,https://news.google.com/rss/articles/CBMiogFBVV95cUxOWWs5VllzYmlTZHRoaWdTV3RIU3k0WXZ3NnhpV3A2OGZYc1BfeUhMRnZJc0xISlllZ0hPVVZZTEgxZHpRRjYyei1Md0lKMW5NX29Tb1RXaHRwMklpSUZfSHRHdHJsOF9zM2xwN3hnRzdWUFY0dGk0TUVES2U2WkF6ekF4dElUUVRrUXdKbG5OdEZJdEJQUER0ZEtIdWlnZlpKY2c?oc=5,"Thu, 29 Jan 2026 18:04:34 GMT",2026-01-29 18:04:34
House of Lords launches inquiry into UK stablecoin regulation - ledgerinsights.com,https://news.google.com/rss/articles/CBMimAFBVV95cUxQZG1RTzItQmM2S0Q4UGd6eVZLWVNQOXJrQlJSWTBFemwwTEhiM2VQUFNKREwtRXkxNlVCUlcyb05mQVJZeExZMkRLUnVrVW5ERE1MeTduRVRWMW0taHVObDMwbHZ0UjNZLWdGNnI0N1pNR1l1MV9DUmE2NkRNX3JKMk9lUTFTbjJpNmR1eWt1ZV9BT05pLWE2TA?oc=5,"Thu, 29 Jan 2026 17:04:33 GMT",2026-01-29 17:04:33
Chronicle Proof of Asset Powers MoonPay’s Enterprise Stablecoin Issuance - Morningstar,https://news.google.com/rss/articles/CBMizgFBVV95cUxPLWk3U2pYLThtUzFzZGN6dTIwY0RiOXRPWm9HcXZSbkUwRWpXemR2Y3Q3eG9EWWlPQ1luekVDSTNtZEtsb3RYX2FicFVtOGJFaG1IbGQ1N2NKNVQxOS1nZkhXWVFGTzk0Q0F1bXZrLTFad2hVNkVtWHR4SC1oVXlGVEVrYWdsZUEzQ0RBd0NIODFBWU8xTEtwT3ZfQ1N4YVA3eUpfSld6QzBMemNsY19mTmJFSW5kcVV1YkVnMFFJR2NqQnlkRGlJUS1pVDRtdw?oc=5,"Thu, 29 Jan 2026 17:00:00 GMT",2026-01-29 17:00:00
Stablecoin Platform Launches for Programmable Money Movement - Banking Exchange,https://news.google.com/rss/articles/CBMiswFBVV95cUxQRmFZNnNmMFE4UGhkd0dacHRJaFptZzB2alAwNWdTbjdDSHBwUEZrN3lnV2N1bG1Oc0xwd004SDA4RHdLRWVVTDZTcENrbzJxU1JiLWVhNXRVUWFJWlZRd3ZhaERyWGRRdWZDNFdIM2xRNEp0ZkpkSnNveDRuT1VTcWdWWXgzaktrTFllSzE4T0VydGtTSEkzR2F5T1BZNWlIWV9xZ3hYNmd5MURvTE1WZmV6RQ?oc=5,"Thu, 29 Jan 2026 15:27:25 GMT",2026-01-29 15:27:25
Stablecoins could boost the utility of customer loyalty programs - American Banker,https://news.google.com/rss/articles/CBMiogFBVV95cUxNX2s5NHpFWGFJcUdEcFNERS1oT1I0SXhjeW5sa0J1ZUY2X1BKcjBtVkhzLUwzeElnRmhjTEp4NFVjSmlXSXJUaFZWa3NpeTYwVkl3QWpOaWtab1VpTEZqRlN5LXRKeURrNC1Lb1p5OWg5RmZEQ3dVVTYtMHpwYWRSVFQ0TVhCdGN5Z0ZTUHE1dmgtZkZ2V0ttU0ZMTVJjcFpGdlE?oc=5,"Thu, 29 Jan 2026 15:00:00 GMT",2026-01-29 15:00:00
Stablecoin compliance: what issuers and financial institutions need to know - Elliptic,https://news.google.com/rss/articles/CBMipgFBVV95cUxNTlpQb3U0aER3c0lwNkRBV3ZaX2xHeXhiaXJYMlk3bVU3NzkzUkprRUdwOXdobEFHal8yOE5oY2Q0VXhBS0xXLWFFaWEwTnlVWFBhZEtXd0xHTFd4eV93WWMza28tRDZ2dzZuVlpVSFBxVHVVVVZ0ZmpOR1BVbkRuMzFoM0RCLXRRbnhIMmJtTTg2OTBGTWFTTzVudVBoUnNsUlFnXzZB?oc=5,"Thu, 29 Jan 2026 14:43:23 GMT",2026-01-29 14:43:23
Fidelity is launching its own stablecoin - The Verge,https://news.google.com/rss/articles/CBMiekFVX3lxTE1aTTQybmgtYzhtdzJEU1ZMRG9mc1RzM2RmZmhRUUMxaF9wUi12cE9SMVc0QUM1ZEdkQVpEZ3c5bkdOTXhpUzlkVk1XeFBoTm9FN1VBTHdIVFZIY3J2R0xMTHZMUU1iQ2NFRWxmdzhBYThFWVBwRDRiUVVR?oc=5,"Thu, 29 Jan 2026 14:32:49 GMT",2026-01-29 14:32:49
OSL Group Locks In $200M to Push Stablecoin Payments Worldwide - Yahoo Finance,https://news.google.com/rss/articles/CBMie0FVX3lxTE5pS2pJZERQVTFvVE14MkZlWFlJRzUtc0RELS1qUVJkMkszM0RsQ1E0TlVld05lbjROaDBBM296U1V2RW1yWmR0YjlKNUVGZXJBeVU2ZmFzVFgzOWl2cFZ1X056QTM5djRBd3Zfd0VwaW53VlFhcHlEY05rMA?oc=5,"Thu, 29 Jan 2026 13:29:41 GMT",2026-01-29 13:29:41
Neobank Dakota launches stablecoin platform for businesses - American Banker,https://news.google.com/rss/articles/CBMipgFBVV95cUxNQVlWTGY4WENBRXNtQ01RbXZIMGNqaWdwV3BVc3RpNVBQUFc4U1lVS2Y4VzFOaUhuS29uYW9kc1AxM2pCR0VVcTNrU1lSa0RsLVBFTUY0ZjFWcjNSdTVqdm5BNVhRZm8xcm9hT3UwUWc0SlF4RXhRcHlDbkZ0M05zNG1EOXI5UVFJTUR1TW9IYW1DUW9qQlg4aktTSUlnWVlJaHExLVl3?oc=5,"Thu, 29 Jan 2026 13:00:00 GMT",2026-01-29 13:00:00
"Fidelity launching its own stablecoin, Tether loves gold - CoinGeek",https://news.google.com/rss/articles/CBMigwFBVV95cUxPd0NfVXEzWHNWMjA1ekFnNmszWkZ5YkkyX09RVVM2NmpLVDI2NFJZS0VsWE95YmczM0ZuS0JoWlFaaldDTzMzS2R0R2FCZzZZVUJoU09EVFg3S2dCTnVCWTZZTlRwaHdyUnhNWF92VU5Yek5XcFJrbk9INS1oUEx6RWRFMA?oc=5,"Thu, 29 Jan 2026 12:03:09 GMT",2026-01-29 12:03:09
UAE Debuts First Central Bank-Approved Stablecoin USDU - Yahoo Finance,https://news.google.com/rss/articles/CBMigAFBVV95cUxPQjlqV2FxcVA1TmxVUm51X2tzRzlpY0t0bkFhQktGcVpqMXVka2FJak1ST1dHSjFQRzgtY195WE9Ya3Q1Z3Z1bWYtTkJiSnBuRXdUTXUwcWtuUzNVdGFmVmFZcWVFTmxqVFJUOVh0X1ltZjI0ZVV3ZVhveV9YZkE1Vg?oc=5,"Thu, 29 Jan 2026 10:59:57 GMT",2026-01-29 10:59:57
Bank of England outlines UK stablecoin and tokenisation plan - Yahoo Finance UK,https://news.google.com/rss/articles/CBMinAFBVV95cUxPRnpHaExFSEhWZFMwaTl1NldqNzg2MWlONDU4ajk5UzJjUzItaVdZWEs3RXZzUWdsbXhBbmJ3cWdSUGItS0RUVFlpd0x0UkNHTjBzb2l4c2ZGQVhGN1BfQW1oZWFPZWxyMkJSSTdwYS10MDdmQ3BxLV80S0paa053WmRIVTlVdHNlZzYzM1Zmb0hhOXpFUFN0UEgzSWk?oc=5,"Thu, 29 Jan 2026 10:55:13 GMT",2026-01-29 10:55:13
How credit unions build trust when stablecoin payments go wrong - CUInsight,https://news.google.com/rss/articles/CBMilAFBVV95cUxPbFZ4czB2R0xPRGxnRUp5aGR2WS1mM01fcGp3NVFCaTVFZ0hkek1rVEhrOWZEV1VyY2tkZ2RldWFRaTRkNVk3Z2tidk5IdEtueVZNODg4aWxkVkdoNEgtWmEzZ2dtN0xGcFlZR3g1emNrRG5abUdOSGhldEpzc29JWWZ0bkQxY1BiR3dQUXVYcTI4SExS?oc=5,"Thu, 29 Jan 2026 08:37:03 GMT",2026-01-29 08:37:03
Financial Services Regulation Committee launches stablecoin inquiry - UK Parliament,https://news.google.com/rss/articles/CBMi-gFBVV95cUxQSnBzZ05VeVU5WjlIQzJyeTB5czFwTlM3cHdpUlM1cEZZU0c4NC1uNVl6LUNwcFBod1ZwQ3YwcDhxYlZyNWhiY3pKMDViYXFsRXdyYnlzQjlVb01DN2VERFExSGNfeE1PWkQ1UVJpTWEzRGRueC1kbDdYSlZybXlrQzZkb2pZalM1NUczSEpndGEzcE8xb25wUkdyQzUzSXVyYmdjbEMwSnFua0tHRi1mVmNNenBjcFpMSTlxWmVzaDlYbDhPampQMGppWTlIdHlmSTlNRndYZnI3MUZyWklqMlhKODl5U1E3aGRfMmZIVnBUcDV5VFdyUDhB?oc=5,"Thu, 29 Jan 2026 08:35:34 GMT",2026-01-29 08:35:34
Financial Services Regulation Committee launches stablecoin inquiry - UK Parliament,https://news.google.com/rss/articles/CBMi-wFBVV95cUxNak9WWE1WSkVzXzh2X1ZoMG82QVFLNUtva0tYRjNOeHRJbzJoQ1UwbFdPd3ZKMlM1Nm42UUhwVjktLUl0aHVlTmpoc044ZXZYVEF4NGdkcm9tYklVaGxXM2ZyZDRxb2dsRW55ekZRQnd1WWprY1BpS0xtUjFiYUNCTGtkRFI4ZEloWXNMc0hNZTFMT294aFAxTWxjcmdVRmlXR0E5b0NLZlRpaWxCdFBycnZNanhZRERxb0lOZGdFeU9ydWg2YzhuTjlWMkJHMTRXcldVOF8yWTBSTWt6U19QVkViWFdkcFFBNDYyOWd3Z2xZanRpRzFDNzRlTQ?oc=5,"Thu, 29 Jan 2026 08:35:34 GMT",2026-01-29 08:35:34
OSL Group Announces US$200 Million Equity Financing to Accelerate Global Stablecoin and Payment Expansion - PR Newswire,https://news.google.com/rss/articles/CBMi-AFBVV95cUxQc2pETlZ5bmlXSWd4aVFWV09NVjRENTdXdzBIbnptdHByM21IUDN0R2R5TWtSaFBiZ2dySmVaNEFUS3lNeFB1Y0QwQ0h1c0E2YkpJajNjMFFWZkpkWTVOc1MzWHZlVTEwVFcyTWFLdzI2RG84ZlNqcF9jNHV1M2JIdk1ubEFhQkpCcGZhN2p3endpV1dpOVNxT3RMb1dGQ3U1azI5R2NpN3hVd20xN1BmY3BpV0JwVG9IWXpXY0U2LWEtY1ZqbmUzRnYzVXNXTzN1WEI4ZGR3dEdQY3lLajV2Rm1uN3JqNnNSUFBiR0xJa2Rndzk5WmFrQg?oc=5,"Thu, 29 Jan 2026 06:13:34 GMT",2026-01-29 06:13:34
UAE's central bank has approved a USD-backed stablecoin - CoinDesk,https://news.google.com/rss/articles/CBMiogFBVV95cUxPVFRHMmcwTHN3T3hMWVVnMzVHc0dJd05zRllMNndValJsOXFsSHoyeEpBd1V2Vm8xZzl6ejl6SE4tVGtXdXA2eWROUFhKVUlLblNYak15TWFqdFhvUXRwQ1BEWkpVQnpCZVgxRFZsQ19KbW1qN2EtWTg1TkphX0IyVkxERGxsT2FUclJHWmdlSWZJQXd6Q2J4eGg5c2FENF9OYlE?oc=5,"Thu, 29 Jan 2026 06:02:18 GMT",2026-01-29 06:02:18
UAE central bank–sanctioned US dollar stablecoin launches to boost digital-asset settlement - The Block,https://news.google.com/rss/articles/CBMiugFBVV95cUxQZ1QzaUpQNVhfcWdHUnJGOHJ4cjVvZnpYejVUYUVoc193OUZnLTlES3lsZEduc0l6ZjY1WVI3aVFwWkljSXJLZEFWZ1lYX3A2VHBYZ1BvZEs5aG5zY3pwMlByOWRKbzQ3ZzIyeEVRcl9UUGZlcFl0ZmViUDZvQjBfcHA4Um9HdG5OQkdaN3RkeTh3MjY5Q2x6aXBhby0ybEN0eDBVX2l4aEpKc3NYRm1uaHluLVN6VTh3alE?oc=5,"Thu, 29 Jan 2026 06:00:00 GMT",2026-01-29 06:00:00
Fidelity to Launch a Stablecoin - The Wall Street Journal,https://news.google.com/rss/articles/CBMiygNBVV95cUxPbHloVFBLcUV3cnpmdWlPZ2NKQXNpZDlJMDJRUXBKNFI4WEQ4YUtLYzZOMjNoSlk4NU1iMFFnMDJ6MjVOWTRScWcxZ29sZm1hcjdfUVZPekZfVG15Sk5RSWN3dHlOdDBQMGxVRjlULUNmMFhTZTgyY3kzNGdxMjBheXV1dGd6MnR4UWw0VlNjRGl6bUhjMHF6ZldfWFRPRHJ6SUE2bXdYdXlCbEcyZU9tZVVDTlZncHhWZEdsbWhJWGFOdS02cThrbWF1R0dUcHNFOGVhaW9MUzByeGFJaTdVdk5VOFU5Smp0a1hEOXdFU0YybDIwUHlOa00xRjVydGo5WWh3aUUyM2xGYUkwejRHMEpuT1hGMmh0ZHRKai02RmtuZ3FrOV85eF9fcWZDMHp2YUNCV3JCVThoSDZyRGRZTXR4ODBCaExqY2tJNGZ6akNvVGpITVNCQmE2RWdlVjU0ZW1jR2NkYkVabk01T1V1eUE1OHNKNXdOU08yWk5IV3hMRExFRWJCc3NFX3FsVFFfd2Nnd0syTjgwMmMzRVRyQkw2azFwMUxXZkZvOGpHRkctQlk3c0hOUVJab0p6Rkl1akUtV3hRUTFlZw?oc=5,"Thu, 29 Jan 2026 04:37:00 GMT",2026-01-29 04:37:00
Fidelity to Launch a Stablecoin - The Wall Street Journal,https://news.google.com/rss/articles/CBMiygNBVV95cUxQZy1mcEczdkVqT3Q5NmVJWUg3X01KR2puaDNJcGFuWlBXejFoQ0VoaEdCdm9leDdaSTcyeElGUDlzeEhNMm9iNlRCNWR6VHA5ZkJFTkxKZ0Y4Sll6MGxsS2hfcUwwWEQybGNSVUJSMVFxR0FyVW5JZnc2SU9TMU9WMjIzSGE5Vm5WRkVCWGgwTC1sYkJDSXZVSHlybF9remdWSzZTQzZudG96Y2dJaUNRUklkQWE0ZTlWUDFEOUhqa29jSzAwNDZqdldjZ1lLMXNhOG1SQVZCWGZwa3JOTTdpYjlMOGVSZVFyMldCVEJZb2IxMEhWQXBxMmRVYVJLeFpIUG1LQjJ4c1AzQ0JJVU1PbEZiU1lPMjl0U1RxQ0tqLVMtUmp3M3dydkVIWng1Q2MxYTQ3dnF4eWhPWTRjVXlhVjltUGFJMTR0bEN5Tk5HVGhURktsS1kyT19VNmQ2TWhOM3QxM1NUTWRQWkozcXU5WWV2VHdMem1xT0lTbDRzZjdwc0dtc3ZSTThCUS15OXdIUUhoU2ZPbk5fd2ZNY3FaLTc3bzF0Qk5Gd3BIRkJyYWlzc3U5dzZsWVJJUjB1a2pVZWFnQm5LMVA3UQ?oc=5,"Thu, 29 Jan 2026 04:37:00 GMT",2026-01-29 04:37:00
Proposed UK rules for stablecoin issuance - KPMG,https://news.google.com/rss/articles/CBMipAFBVV95cUxNQS13bEE0bVVmVk1pMDJyaUxqQXlIMHZWMm4xR180M1A1aTE0NXB2cEN4SXNjaE5CdVBkd2ZBcXo4dXRXV0hWSkRVUWlZcnZLZ3VDb0pzUTZxaXZzM19EdklZXzZ3Q2hsS1h0UTEzemI0TDFtTkRwT3dzZEtCeVdZUUdYNXNFd3QxSF9PRWltc00tRGdhamNXUjBFZEx6Q21rTnJxRQ?oc=5,"Thu, 29 Jan 2026 04:06:00 GMT",2026-01-29 04:06:00
Circle Faces New Test As Tether Targets U.S. Institutional Stablecoin Market - Yahoo Finance,https://news.google.com/rss/articles/CBMihAFBVV95cUxNWUtielJXVUNfWjdLeldpNF91U1o4azZCeFUxSHU4M05La0ozQjYyUDdEXzhORkNlZzRySXlLZl9JQWpwVFdQWWdrZ0lCcGZ1RDJOaS02dkU2aEZIT1Q3Y0lpLVVocmxMeXFydWFsbGpTMmtRMGFWNEoxcVZEUzNIOXBhUVQ?oc=5,"Thu, 29 Jan 2026 03:16:00 GMT",2026-01-29 03:16:00
Fidelity to Launch Stablecoin - The Information,https://news.google.com/rss/articles/CBMidkFVX3lxTFBlMTBnNks5a0FER0hRaWlOYXdtY01BMkplWjlabC03MFllYWc3UEw0Vm9MZE5xR1l4WkZJSXJJTGtwT0JVc2FweWVPZXl0OHJVa3dOTGJOTnJidnNJa0JnZ2pJRVVLTXIzV05kdUFEeEFfenVwd3c?oc=5,"Thu, 29 Jan 2026 00:34:29 GMT",2026-01-29 00:34:29
How Will Fidelity’s FIDD Stablecoin Fare in An Already Crowded Marketplace? - Yahoo Finance,https://news.google.com/rss/articles/CBMiiwFBVV95cUxQdnhqcDJsVFlhNmgzbzR0QVgtVkxfSjJtaWN3OXRaTXZmcHJhUEhrN2JGd0VDN3ZqT1NCRnJlVk5HLW5tSE1oWmV4VGp6bkJMMlNuRmN4VzlNNFctNXFiaHlxRnhWcHJhdnRQUVlLYVAyMXdud0JwQVpIZnVwc2NUUC1tdDIwbXBhNG1B?oc=5,"Wed, 28 Jan 2026 23:15:25 GMT",2026-01-28 23:15:25
Stablecoin Risk Management Solution - Chainalysis,https://news.google.com/rss/articles/CBMiZkFVX3lxTFBLQTRCWms1T0pXejJkaHVwYmljZzh6cGNPcFVlMGtpMkxib2Q3eUhQazkzMFc1SkdOWDRjaTFKNFB2R0hMZEZ3cGxrVmpQbUNEMHhDNlpZMWcybFphVkxrRUI5UUFIUQ?oc=5,"Wed, 28 Jan 2026 21:21:17 GMT",2026-01-28 21:21:17
"Exclusive: White House set to meet with banks, crypto companies to broker legislation compromise - Reuters",https://news.google.com/rss/articles/CBMi2gFBVV95cUxNZTdyeXJlNk1XYXJEXzVIM0trWW1XXzhwLTJMbXM4NmJUX2s0UWZMRnppblVVVmZCUHN1Q1NMUmpjTE1odV9sbjE5R0JlU2k3S0Joclc1UG5pVWNpTXFSYWJ4V1VGX0ljcWlPenA0R0Y5U2gyMGNYZHpBYlJPWTFhc0hVdGdfU3lwalBBNjFlM2ZNR3huN01TaWxlOHF4bWVrMjR5MFM2b1VHMTh4TDg0V1pZekE4WWNQVVEwTGhaVDhKcnBsREtrcUtpOVB5OFpKQkVBd05QcUFudw?oc=5,"Wed, 28 Jan 2026 21:11:15 GMT",2026-01-28 21:11:15
How a Russian stablecoin drove a 400% surge in sanction-dodging crypto activity - dlnews.com,https://news.google.com/rss/articles/CBMipgFBVV95cUxOb2tIRXNuR1c2UjVUaVFDYUtNSGNkX2dSaGlNVW83NTVfU0RITF8wNEYtd085RVhJRDNMTktISlRHTGlIcXRSc19iSzJ1ejEzenZRUjB2bDhONlowQllsd21wcENrU1NMUEF3NmdhcGJqbkJSdUdVQ01IRGV4SVFsZ2lZVVE2TUlDWEJzY3FLT0tEY0FuTnBmTU9hbGJyRXdmRHBsT29B?oc=5,"Wed, 28 Jan 2026 20:15:40 GMT",2026-01-28 20:15:40
Fidelity’s Choice of Ethereum for its Stablecoin Puts Focus on Public Blockchains - thedefiant.io,https://news.google.com/rss/articles/CBMiswFBVV95cUxQdmZjYVY0OUJLUVd6RUcyX2w2cmE4RHVhcXdoVUZsQTdKeTlGb05uTnhwdnNNV2VLT29FTTNOSzYwWkpUS1hXS0RqOUZFQ3gwRFN2NzVWNk1sMTlSSHpzX1Fubm9LcW5QbW9DSUFxeE5WSUtydV91Z29Ba09paHpoR1FlX2VYa0hGdk0wMVZUeU4tSzZhcmxUcmlzZkgtR2xWVkxYNkc0dzFJWE11bXd4ejVQRQ?oc=5,"Wed, 28 Jan 2026 19:55:09 GMT",2026-01-28 19:55:09
In The Stables: Big Banks Take A Deeper Look Into Stablecoins - Messari,https://news.google.com/rss/articles/CBMijwFBVV95cUxNa1N0SjdtaThfMlRjcGxoNW9JV2FOS1h1d0NzOGVlM2ROZjZqT2dENlFoWGFXc0IyWFhrQkp5Y2UxUTZtSkMxVktERTFPSXgtdzZiVVVOcE00azE0clVZQzhSY2gzb1lmbGw2dU5TYVc1RnR4b2kxMXNqc3ZDZzktUWUtZk5vaGo2eUhqSmJhZw?oc=5,"Wed, 28 Jan 2026 19:04:10 GMT",2026-01-28 19:04:10
Fidelity to Launch US Dollar-Backed Stablecoin Designed to Support Investors - PYMNTS.com,https://news.google.com/rss/articles/CBMiwwFBVV95cUxPT1djT0VQQVd5WHU5ZFk1TzJMbUVkbkJUT1ltYUdXQWxzSjZjTDB3QjJQV29yN3FJZlRYMmNMUFFaSjgtTlczZld0cGduSFhpTl81MFJyWXZ3UGp1elhCRTd3aG9pUllobkZraG5ZTF91akE0S29qWHpldXRXWkoxWDNqY1JKbEJmV3VqSFRkTDFDa0V2WThmNWZzMjBDNHBBbzF0S2ZrNS1yM0w5TzlxVG5tMmFTbWNXbHM0TU81aUU1Vlk?oc=5,"Wed, 28 Jan 2026 17:23:04 GMT",2026-01-28 17:23:04
"Fidelity Launches FIDD Stablecoin on Ethereum, Joining Race Under US Stablecoin Law - Yahoo Finance",https://news.google.com/rss/articles/CBMikgFBVV95cUxOYmVXU2ZSWnpoMGRwRWJTdXlSc0oyWDI2RUFHeTZra0U2R2RFWmEyOXNteXJ0RDNqODFpSW13d096bTZLcFVCS3l1d0J4U1NtUjdNNVpuUUNFb3JSY2p4S3l4Y25MTkRSREFoZTBzSW9KbWVBUHFhUFJLNS1wblZtSndzd09PQUxhVzNYUFlmZEFZQQ?oc=5,"Wed, 28 Jan 2026 16:32:55 GMT",2026-01-28 16:32:55
OKX and Mastercard Enable Stablecoin Payments for European Cardholders - PYMNTS.com,https://news.google.com/rss/articles/CBMitAFBVV95cUxOSDFNbGJoa3FaTE9DdW1KZTFiQy0tbmpOQ3M0VGlRZEhua2JFY1pFNVB6SnZJa240N1B2elJpQUswMUxKSzU1ZHhUSWYzMlhsNEctemZiWG8zYWtuWmdxQXg3TkQ0blBVdFVLQXNKU0dMOWhhd09tX09VMmlsU0p1NHhocjM3MF9Kc3ZIM3RDRk9FMlVadXU5Umw4dS13U2Z5TzZhYS1ORUVscjZmWWVmM2ZQd1I?oc=5,"Wed, 28 Jan 2026 16:18:15 GMT",2026-01-28 16:18:15
"US banks may lose $500 billion to stablecoins by 2028, Standard Chartered warns - Reuters",https://news.google.com/rss/articles/CBMi5AFBVV95cUxPYWhPOTRzLWN4T0tBV3BQMFFmODhZbzlVa2JZZzdDcE1mNjFydDd6Nnc5YkNUU0hiUGNvWi1kZWdIMDBJaWFnQURoMGl5dVYwdDlUSUlUemVYN29yTUxaUW1mcWROeDZ2MHZVTEg3dy1sRl9RWXhsSkJnbFN2N1F6Mm5GenJmN09XRldfV1FLUE9IRHZNSW1KRG01Vmlhdlhpa1IxRGNuTm80QWxHVFJlVE9Sd242QXlMR1k3NHpnVktIVzgxZmY5ZVppSVBCZGhnbjMwWUlMR201M3BGRmVOcklOYWs?oc=5,"Wed, 28 Jan 2026 16:10:11 GMT",2026-01-28 16:10:11
Fidelity to Enter Stablecoin Market With Ethereum-Based 'Digital Dollar' - Yahoo Finance,https://news.google.com/rss/articles/CBMikAFBVV95cUxQNFFYcC12NUlHVXh3UHpxLWlvY1NBaDk0c0lVYnpQZWtOTzBUZmQ5eXRWanZEaG1IRU03M3NVMktZX3hfRHJxSDVnMHlqdHA0TlRIQnZUOEEyYlZNNEhlNTIyYXNtTHg5R2w3SXZQX2tiRnlxU0JWN25NR2tVNnlFZGVEV0xIcjZ1ZU0xUUVFWi0?oc=5,"Wed, 28 Jan 2026 15:18:09 GMT",2026-01-28 15:18:09
Standard Chartered Warns Stablecoins Threaten $500bn in US Bank Deposits - Banking Exchange,https://news.google.com/rss/articles/CBMiwgFBVV95cUxPVzhkYlZZRklsb3BITGlna1FHVjQxMGg5UkJFWVc4Ul9CYm92Mk1heE0tNkc5NWV0b1dlejd5cmVoY3FmNDREdExqNzFkSUFST1pVZUEzRWRJZTcwOHVOVGlNYjZKMEd5MFllaDdxLVZiLUpBOXliaTlTa3kzdmxIVXM1NGJndFlFZ3V6clJhLVE3ZDZzSE1aam4xNnhTZm11U3Q0SVZza0dCRkJmSWJpcTdhdWtxbDUtU091S0tqcHdzZw?oc=5,"Wed, 28 Jan 2026 14:56:40 GMT",2026-01-28 14:56:40
Fidelity to launch dollar-backed stablecoin FIDD on Ethereum in coming weeks - The Block,https://news.google.com/rss/articles/CBMipgFBVV95cUxNc0pvZFQzcVdJb3RQZll0VXg1UWxmNDJyaWZsZWh4bGVBSEZ4Unc2RTVjZUUwblAzYnlyTXE3TVpyTzl0YmdwMmNOb0NMLTh6Q3ZEc1BHR2RiQ2tWR1pjNWpsUmFrOENLQ0YzRVlhUUtpMFV4U0ZELU1DdHc2ZnlSY0F3QjdORXF1WUU2X1JScjAya3BlMlg1NVE0WFYwcEdOcVlQMTJB?oc=5,"Wed, 28 Jan 2026 14:44:38 GMT",2026-01-28 14:44:38
Fidelity Investments starts its own stablecoin in a massive bet that future of banking is on blockchain - CoinDesk,https://news.google.com/rss/articles/CBMi4AFBVV95cUxOT2hnVTJZNDd1bDQ4cFRONndHNWVSVUVzS0ZJX010dlZfUXUxUFQ5LUt6ZVRfSnQtUmZLellKWGVvMG1HR080UnZiQkVMOG5uVmR6cEJ2b1B3UElRNktISmFMX0NBZHdmenRoWFdyMDVTX1IzYlBDeW53bzFMblVUY2tLcm1ob0FtS0lqZ3ptREc5ZFZmMkpvdUNmbG5ya1MyQlJjMm5xdDZWQThDMzZ6MUxUZlh5TDY5V1RVNDdObGExQWNjMHA0TDZCZlREaS04R1B3VWVoZlU2UE4tc2t5Uw?oc=5,"Wed, 28 Jan 2026 13:31:38 GMT",2026-01-28 13:31:38
Fidelity Investments to Launch Stablecoin In Coming Weeks - Bloomberg.com,https://news.google.com/rss/articles/CBMirAFBVV95cUxQcjI1dXdOSkFXT1FPaFNCeS1IZld5d1ZsV3Vwd19Pa3JfOE9WOG1oTzNTTG5mZWR6TDIwbWNyZzNHUjJ3SmJURkU3TXVGZlpXVnVnQWNKeVFMbDVRazVaMlhwYmZySTVuMTBrclFxM0VSazZEOGN3WUswZXpMNDk5anVpS2pOWUFfd1ZXNlFpWnRvLXd6d2xZbjM4UnNxclE3TldlY28tVUwwZkNq?oc=5,"Wed, 28 Jan 2026 13:30:00 GMT",2026-01-28 13:30:00
Fidelity enters crowded stablecoin field with new FIDD token - Fortune,https://news.google.com/rss/articles/CBMilwFBVV95cUxOaW5uR29ERDlQVG9TeXBqWE9wdW1oUnlPbW85Nzl2NmNBcFFqUGpYdE5qbmVsMFhWS2JkNndUYkZkZTRoVHpWVHRlWU42MUNTUGdqOXhpLWNCekZkU3hiRE1mWjJ1R000TXhHQ3JpNV85ZEtudm1Fdzc2NmdGTl9QZFNKWlhNSnpxUThkcU9nbzdqVmU2ZXpJ?oc=5,"Wed, 28 Jan 2026 13:30:00 GMT",2026-01-28 13:30:00
Checkout.com buys euro stablecoin issuer Blue EMI - Yahoo Finance,https://news.google.com/rss/articles/CBMihgFBVV95cUxQVmZyX2xaMXF5djkwYmxHdzBrVXlCNGVCNHd5WkNYa1ZpVFlIa0FHSmRDUm80LXl4eEc5UXNhN25BZTZwaUN6NTR2WGYtVl9kN0F0Snh3Tm5MN3dWaDVnWXZESjYwdWVZU0ZiTF94cEFyX2JvQUFWRlRGeFZDblFtQ3F5eGRhdw?oc=5,"Wed, 28 Jan 2026 12:17:30 GMT",2026-01-28 12:17:30
"Tether launches US-facing stablecoin, Circle investors say ‘meh’ - CoinGeek",https://news.google.com/rss/articles/CBMiiwFBVV95cUxORXFDS1NGa2RaSmpobXNBMVQ0SGNBTXpzTGtFd1R6MzZ2Y3ZFdTlGUWIzV1BYZjRFdjdWM3RnVGstTnM3WUdSQ1d4Q0E0Z0tBNXdPaFlKUGZkbWtuRTY0UEhjNVlvT28xanBTTUlkV1dEb3VLbnZtM0FXZzExM3E0MEkwVndYNTVFdzRV?oc=5,"Wed, 28 Jan 2026 10:02:24 GMT",2026-01-28 10:02:24
"Bitcoin price: Top stablecoins, tether and USD coin, shrink, posing risk to BTC - CoinDesk",https://news.google.com/rss/articles/CBMixwFBVV95cUxNbHRySnUwRTVZV2lzc2dhZjM0Tk1HVmJSdWNMbUhHMjdfQVJVYnBTek54ZW15MUNHU1RaSTJQT0VaNzFSQWowR2lBTURHaVFZREIzWTFGTDBQdVZLeGpLbEtIYk9ackFBSUpEc0EyamR6dlJFNWltcXRZdVp5LW9xM0JjeHZMT3RpVXpHOUdIZE0zRURTb3lqZUlmMFV4YUZkY0d4clBvY0YyQkdPeUpzNmFwTVJZRE51dUt0WXIwLVZOQkhZSlFR?oc=5,"Wed, 28 Jan 2026 05:29:20 GMT",2026-01-28 05:29:20
How StableFX And Regulated Stablecoin Rivalry At Circle (CRCL) Has Changed Its Investment Story - Yahoo Finance,https://news.google.com/rss/articles/CBMilAFBVV95cUxObEphSDlWOW8zRzQtNUd1cFRBWDk2UFdta01YcTdyTFpUM0NUVmUtRW5lWmRlNWRvVnh5QkJaODlhSTlFbmtzY1ItaEZSWWdJTC1qQTNSZUx4VU9aTHdmN0xCZWVNVmUyOGZ4cE5UUGR5Nl9GX3NscmlyeUtuVjhxR1pDRmU5ZVdJUktsbGNTbUFKV1Yx?oc=5,"Wed, 28 Jan 2026 04:34:00 GMT",2026-01-28 04:34:00
